{
  "aggregate_score": 0.7023742198944092,
  "ptm": 0.8031302690505981,
  "iptm": 0.6771851778030396,
  "per_chain_ptm": [
    [
      0.795872688293457,
      0.5552995204925537
    ]
  ],
  "per_chain_pair_iptm": [
    [
      [
        0.795872688293457,
        0.4228845238685608
      ],
      [
        0.6771851778030396,
        0.5552995204925537
      ]
    ]
  ],
  "has_inter_chain_clashes": false,
  "chain_chain_clashes": [
    [
      [
        5,
        0
      ],
      [
        0,
        0
      ]
    ]
  ]
}