{
  "aggregate_score": 0.7109538316726685,
  "ptm": 0.8061025738716125,
  "iptm": 0.6871666312217712,
  "per_chain_ptm": [
    [
      0.798234224319458,
      0.553368330001831
    ]
  ],
  "per_chain_pair_iptm": [
    [
      [
        0.798234224319458,
        0.4221634268760681
      ],
      [
        0.6871666312217712,
        0.553368330001831
      ]
    ]
  ],
  "has_inter_chain_clashes": false,
  "chain_chain_clashes": [
    [
      [
        0,
        0
      ],
      [
        0,
        0
      ]
    ]
  ]
}