{
  "aggregate_score": 0.699681282043457,
  "ptm": 0.7979525327682495,
  "iptm": 0.6751134395599365,
  "per_chain_ptm": [
    [
      0.790119469165802,
      0.5548639297485352
    ]
  ],
  "per_chain_pair_iptm": [
    [
      [
        0.790119469165802,
        0.421803742647171
      ],
      [
        0.6751134395599365,
        0.5548639297485352
      ]
    ]
  ],
  "has_inter_chain_clashes": false,
  "chain_chain_clashes": [
    [
      [
        0,
        0
      ],
      [
        0,
        0
      ]
    ]
  ]
}