{
    "confidence_score": 0.8553959131240845,
    "ptm": 0.8473326563835144,
    "iptm": 0.9566228985786438,
    "ligand_iptm": 0.0,
    "protein_iptm": 0.9566228985786438,
    "complex_plddt": 0.8300890922546387,
    "complex_iplddt": 0.8630770444869995,
    "complex_pde": 0.8744432926177979,
    "complex_ipde": 0.8796766996383667,
    "chains_ptm": {
        "0": 0.8403847813606262,
        "1": 0.978653609752655
    },
    "pair_chains_iptm": {
        "0": {
            "0": 0.8403847813606262,
            "1": 0.8328868746757507
        },
        "1": {
            "0": 0.9566228985786438,
            "1": 0.978653609752655
        }
    }
}