{
  "aggregate_score": 0.7074495553970337,
  "ptm": 0.8051078915596008,
  "iptm": 0.6830349564552307,
  "per_chain_ptm": [
    [
      0.797437846660614,
      0.5501611828804016
    ]
  ],
  "per_chain_pair_iptm": [
    [
      [
        0.797437846660614,
        0.41898685693740845
      ],
      [
        0.6830349564552307,
        0.5501611828804016
      ]
    ]
  ],
  "has_inter_chain_clashes": false,
  "chain_chain_clashes": [
    [
      [
        0,
        0
      ],
      [
        0,
        0
      ]
    ]
  ]
}