{
  "aggregate_score": 0.6975163817405701,
  "ptm": 0.8016602993011475,
  "iptm": 0.6714803576469421,
  "per_chain_ptm": [
    [
      0.7952919602394104,
      0.550048828125
    ]
  ],
  "per_chain_pair_iptm": [
    [
      [
        0.7952919602394104,
        0.42236876487731934
      ],
      [
        0.6714803576469421,
        0.550048828125
      ]
    ]
  ],
  "has_inter_chain_clashes": false,
  "chain_chain_clashes": [
    [
      [
        3,
        0
      ],
      [
        0,
        0
      ]
    ]
  ]
}